date,team,targeted_productivity,smv,over_time,incentive,actual_productivity,dia_del_a√±o,no_of_workers_redondeado
2015-01-01,8,0.8,26.16,7080,98,0.940725424,1,59
2015-01-01,1,0.75,3.94,960,0,0.8865,1,8
2015-01-01,11,0.8,11.41,3660,50,0.800570492,1,30
2015-01-01,12,0.8,11.41,3660,50,0.800570492,1,30
2015-01-01,6,0.8,25.9,1920,50,0.800381944,1,56
2015-01-01,7,0.8,25.9,6720,38,0.800125,1,56
2015-01-01,2,0.75,3.94,960,0,0.755166667,1,8
2015-01-01,3,0.75,28.08,6900,45,0.753683478,1,57
2015-01-01,2,0.75,19.87,6000,34,0.753097531,1,55
2015-01-01,1,0.75,28.08,6900,45,0.750427826,1,57
2015-01-01,9,0.7,28.08,6900,44,0.721126957,1,57
2015-01-01,10,0.75,19.31,6480,45,0.712205247,1,54
2015-01-01,5,0.8,11.41,3660,50,0.707045902,1,30
2015-01-01,10,0.65,3.94,960,0,0.705916667,1,8
2015-01-01,8,0.75,2.9,960,0,0.676666667,1,8
2015-01-01,4,0.75,3.94,2160,0,0.593055556,1,18
2015-01-01,7,0.8,2.9,960,0,0.540729167,1,8
2015-01-01,4,0.65,23.69,7200,0,0.52118,1,60
2015-01-01,11,0.7,4.15,1440,0,0.436326389,1,12
2015-01-03,4,0.8,4.15,6600,0,0.988024691,3,20
2015-01-03,11,0.75,2.9,5640,0,0.987880435,3,17
2015-01-03,9,0.8,4.15,960,0,0.956270833,3,8
2015-01-03,3,0.75,3.94,1560,0,0.945277778,3,8
2015-01-03,1,0.8,3.94,960,0,0.902916667,3,8
2015-01-03,1,0.8,28.08,6300,50,0.800725314,3,56
2015-01-03,3,0.8,28.08,6540,50,0.800322936,3,54
2015-01-03,8,0.8,26.16,7080,50,0.800318644,3,59
2015-01-03,12,0.8,26.16,7080,63,0.800318644,3,59
2015-01-03,11,0.8,11.61,7080,50,0.800237288,3,29
2015-01-03,5,0.8,11.61,7080,50,0.800148649,3,31
2015-01-03,6,0.8,25.9,6720,50,0.800125,3,56
2015-01-03,7,0.8,25.9,6720,38,0.800125,3,56
2015-01-03,10,0.75,19.31,6480,56,0.787299691,3,54
2015-01-03,2,0.8,4.15,960,0,0.782447917,3,8
2015-01-03,2,0.75,19.87,6600,45,0.75024303,3,55
2015-01-03,10,0.7,4.15,960,0,0.7018125,3,8
2015-01-03,4,0.7,23.69,13800,0,0.700134038,3,60
2015-01-03,9,0.7,28.08,6900,40,0.699965217,3,57
2015-01-03,8,0.8,2.9,960,0,0.628333333,3,8
2015-01-03,7,0.8,3.94,960,0,0.6253125,3,8
2015-01-04,3,0.75,4.15,1560,0,0.991388889,4,8
2015-01-04,9,0.8,3.94,960,0,0.931645833,4,8
2015-01-04,1,0.8,3.94,960,0,0.915229167,4,8
2015-01-04,6,0.8,11.61,6975,50,0.879714482,4,31
2015-01-04,4,0.8,3.94,6600,0,0.861679012,4,20
2015-01-04,9,0.8,26.16,7080,60,0.850569492,4,59
2015-01-04,7,0.8,25.9,7020,60,0.850436438,4,56
2015-01-04,8,0.8,25.9,6780,45,0.850345133,4,56
2015-01-04,4,0.8,28.08,4260,50,0.800598058,4,55
2015-01-04,1,0.8,26.16,7080,63,0.800318644,4,59
2015-01-04,2,0.8,28.08,6660,50,0.800237838,4,55
2015-01-04,12,0.8,11.61,6975,50,0.800030199,4,31
2015-01-04,2,0.8,3.94,960,0,0.792104167,4,8
2015-01-04,10,0.7,3.94,4320,0,0.759228395,4,18
2015-01-04,11,0.75,19.31,6480,45,0.750348457,4,54
2015-01-04,3,0.75,19.87,6600,45,0.75024303,4,55
2015-01-04,10,0.7,28.08,6900,40,0.699965217,4,57
2015-01-04,8,0.8,2.9,960,0,0.682708333,4,8
2015-01-04,7,0.8,2.9,960,0,0.667604167,4,8
2015-01-04,5,0.7,45.67,6960,26,0.603432184,4,58
2015-01-04,11,0.75,4.15,960,0,0.345833333,4,8
2015-01-05,1,0.8,3.94,1920,0,0.961059028,5,8
2015-01-05,11,0.8,3.94,2400,0,0.939513889,5,10
2015-01-05,4,0.8,3.94,3840,0,0.893663194,5,16
2015-01-05,3,0.75,4.15,1920,0,0.875390625,5,8
2015-01-05,9,0.8,26.16,7080,75,0.850569492,5,59
2015-01-05,9,0.8,2.9,1920,0,0.820833333,5,8
2015-01-05,2,0.8,3.94,960,0,0.804416667,5,8
2015-01-05,7,0.8,25.9,6780,50,0.800684366,5,56
2015-01-05,8,0.8,25.9,6780,38,0.800684366,5,56
2015-01-05,1,0.8,26.16,7080,63,0.800318644,5,59
2015-01-05,11,0.8,19.31,4800,50,0.800250962,5,55
2015-01-05,6,0.8,11.61,7200,50,0.800246011,5,32
2015-01-05,12,0.8,11.61,7200,50,0.800246011,5,32
2015-01-05,2,0.8,28.08,6900,50,0.800076522,5,57
2015-01-05,4,0.8,28.08,6900,50,0.800076522,5,57
2015-01-05,10,0.75,2.9,960,0,0.763375,5,8
2015-01-05,5,0.6,2.9,960,0,0.759270833,5,8
2015-01-05,10,0.75,28.08,7020,45,0.7504,5,58
2015-01-05,3,0.75,19.87,6600,45,0.75024303,5,55
2015-01-05,7,0.8,3.94,960,0,0.676666667,5,8
2015-01-05,8,0.8,2.9,960,0,0.664583333,5,8
2015-01-05,5,0.6,21.98,6960,23,0.600028736,5,58
2015-01-06,4,0.8,3.94,4440,0,0.966781346,6,18
2015-01-06,1,0.8,3.94,1440,0,0.936496212,6,8
2015-01-06,3,0.75,4.15,1800,0,0.899166667,6,10
2015-01-06,11,0.8,4.15,2700,0,0.888686869,6,15
2015-01-06,9,0.8,3.94,1440,0,0.858143939,6,8
2015-01-06,1,0.8,26.16,10620,75,0.850502311,6,59
2015-01-06,9,0.8,26.16,10620,75,0.850502311,6,59
2015-01-06,10,0.75,3.94,1440,0,0.809640152,6,8
2015-01-06,2,0.8,3.94,1440,0,0.805909091,6,8
2015-01-06,2,0.8,28.08,10350,50,0.800594466,6,57
2015-01-06,4,0.8,28.08,10350,50,0.800594466,6,57
2015-01-06,3,0.8,19.87,9900,50,0.800273829,6,55
2015-01-06,12,0.8,11.61,5310,50,0.800140969,6,31
2015-01-06,7,0.8,25.9,10170,38,0.800128721,6,56
2015-01-06,8,0.8,25.9,10170,38,0.800128721,6,56
2015-01-06,6,0.8,11.61,4470,38,0.80007657,6,31
2015-01-06,10,0.75,28.08,10530,45,0.750545455,6,58
2015-01-06,11,0.75,19.31,9900,45,0.750057851,6,55
2015-01-06,8,0.8,2.9,1440,0,0.681060606,6,8
2015-01-06,5,0.65,21.98,10440,35,0.649983281,6,58
2015-01-06,7,0.8,2.9,1440,0,0.61625,6,8
2015-01-07,1,0.8,3.94,1440,0,0.951420455,7,8
2015-01-07,9,0.8,3.94,1440,0,0.880530303,7,8
2015-01-07,1,0.8,26.16,10620,75,0.850502311,7,59
2015-01-07,9,0.8,26.16,10620,75,0.850502311,7,59
2015-01-07,8,0.8,25.9,10170,60,0.850136766,7,56
2015-01-07,3,0.75,4.15,2700,0,0.83,7,15
2015-01-07,4,0.8,3.94,4440,0,0.827186544,7,18
2015-01-07,2,0.8,3.94,1440,0,0.813371212,7,8
2015-01-07,10,0.75,3.94,1440,0,0.805909091,7,8
2015-01-07,7,0.8,2.9,1440,0,0.804640152,7,8
2015-01-07,2,0.8,28.08,10350,63,0.800594466,7,57
2015-01-07,4,0.8,28.08,10350,50,0.800594466,7,57
2015-01-07,6,0.8,11.41,5490,50,0.800343766,7,30
2015-01-07,3,0.8,19.87,9900,50,0.800273829,7,55
2015-01-07,12,0.8,11.61,5670,50,0.800246753,7,31
2015-01-07,7,0.8,25.9,10170,50,0.800128721,7,56
2015-01-07,10,0.75,28.08,10530,69,0.8,7,58
2015-01-07,5,0.7,21.98,9720,40,0.700480831,7,58
2015-01-07,8,0.8,2.9,1440,0,0.681060606,7,8
2015-01-07,6,0.8,2.9,1800,0,0.666515152,7,10
2015-01-07,11,0.8,31.83,9900,40,0.412119835,7,55
2015-01-07,5,0.7,4.15,1440,0,0.330113636,7,8
2015-01-08,1,0.8,3.94,1440,0,0.947689394,8,8
2015-01-08,4,0.8,3.94,12600,0,0.919905405,8,20
2015-01-08,9,0.8,26.16,10620,88,0.900215716,8,59
2015-01-08,9,0.8,3.94,1440,0,0.891723485,8,8
2015-01-08,1,0.8,26.16,10620,75,0.850502311,8,59
2015-01-08,4,0.8,28.08,10530,75,0.850181818,8,58
2015-01-08,7,0.8,25.9,10170,60,0.850136766,8,56
2015-01-08,8,0.8,25.9,10170,60,0.850136766,8,56
2015-01-08,2,0.8,3.94,1440,0,0.835757576,8,8
2015-01-08,5,0.7,4.15,3840,0,0.821354167,8,8
2015-01-08,2,0.8,28.08,10050,63,0.800497246,8,58
2015-01-08,3,0.8,19.87,9900,50,0.800273829,8,55
2015-01-08,12,0.8,11.61,15120,63,0.800107143,8,31
2015-01-08,6,0.8,11.41,14640,50,0.800024932,8,30
2015-01-08,10,0.75,28.08,10530,69,0.8,8,58
2015-01-08,10,0.75,3.94,1440,0,0.779791667,8,8
2015-01-08,8,0.8,2.9,1440,0,0.735984848,8,8
2015-01-08,3,0.75,4.15,2160,0,0.712626263,8,12
2015-01-08,7,0.8,2.9,1440,0,0.681060606,8,8
2015-01-08,11,0.8,4.15,900,0,0.515606061,8,5
2015-01-08,11,0.35,12.52,25920,38,0.349951389,8,54
2015-01-08,5,0.7,42.41,10260,0,0.233705476,8,57
2015-01-10,1,0.8,3.94,2160,0,0.985,10,8
2015-01-10,3,0.75,4.15,2760,0,0.930340376,10,12
2015-01-10,4,0.8,3.94,6000,0,0.911589744,10,20
2015-01-10,9,0.8,3.94,1440,0,0.858143939,10,8
2015-01-10,9,0.8,26.16,10620,75,0.851174114,10,59
2015-01-10,7,0.8,25.9,10170,60,0.850136766,10,56
2015-01-10,8,0.8,25.9,10170,60,0.850136766,10,56
2015-01-10,10,0.8,3.94,1440,0,0.846950758,10,8
2015-01-10,11,0.8,4.15,1440,0,0.817424242,10,8
2015-01-10,2,0.8,3.94,1440,0,0.817102273,10,8
2015-01-10,4,0.8,28.08,10440,63,0.801028213,10,58
2015-01-10,2,0.8,28.08,10350,63,0.800594466,10,57
2015-01-10,12,0.8,11.61,4710,50,0.800346445,10,31
2015-01-10,6,0.8,11.41,5490,50,0.800343766,10,30
2015-01-10,1,0.8,26.16,10620,63,0.800117103,10,59
2015-01-10,10,0.8,28.08,10530,63,0.8,10,58
2015-01-10,3,0.75,19.87,7080,45,0.750098351,10,56
2015-01-10,11,0.5,12.52,9540,38,0.673245283,10,53
2015-01-10,7,0.8,2.9,1440,0,0.670075758,10,8
2015-01-10,8,0.8,2.9,1440,0,0.628882576,10,8
2015-01-10,5,0.5,20.79,7680,0,0.388007813,10,56
2015-01-10,5,0.5,4.15,1440,0,0.337973485,10,8
2015-01-11,3,0.75,4.15,1440,0,0.93532197,11,8
2015-01-11,4,0.8,3.94,3600,0,0.925643939,11,20
2015-01-11,9,0.8,26.16,10620,88,0.900215716,11,59
2015-01-11,1,0.8,3.94,1440,0,0.873068182,11,8
2015-01-11,9,0.8,3.94,1440,0,0.858143939,11,8
2015-01-11,1,0.8,26.16,10620,75,0.850502311,11,59
2015-01-11,7,0.8,25.9,10170,45,0.850136766,11,56
2015-01-11,8,0.8,25.9,10170,60,0.850136766,11,56
2015-01-11,10,0.8,3.94,1440,0,0.828295455,11,8
2015-01-11,2,0.8,3.94,1440,0,0.820833333,11,8
2015-01-11,6,0.8,11.41,5490,50,0.800343766,11,30
2015-01-11,12,0.8,11.61,5670,50,0.800246753,11,31
2015-01-11,2,0.8,28.08,10530,63,0.8,11,58
2015-01-11,10,0.8,28.08,10530,38,0.8,11,58
2015-01-11,3,0.8,19.87,6420,0,0.690182815,11,55
2015-01-11,11,0.8,4.15,1440,0,0.668087121,11,8
2015-01-11,8,0.8,2.9,1440,0,0.653598485,11,8
2015-01-11,5,0.5,4.15,1440,0,0.609138258,11,8
2015-01-11,11,0.6,12.52,9540,30,0.600229846,11,53
2015-01-11,6,0.8,2.9,1440,0,0.597348485,11,8
2015-01-11,7,0.8,2.9,1440,0,0.590435606,11,8
2015-01-11,4,0.8,50.48,10440,0,0.473134796,11,58
2015-01-11,5,0.6,20.79,7980,0,0.452979626,11,57
2015-01-12,1,0.8,3.94,1440,0,0.955151515,12,8
2015-01-12,4,0.35,4.3,3240,0,0.942213805,12,18
2015-01-12,3,0.8,4.15,1800,0,0.905454545,12,10
2015-01-12,2,0.8,3.94,1440,0,0.880530303,12,8
2015-01-12,9,0.8,3.94,1440,0,0.858143939,12,8
2015-01-12,1,0.8,26.16,8220,75,0.850522167,12,59
2015-01-12,9,0.8,26.16,10620,75,0.850502311,12,59
2015-01-12,7,0.8,25.9,10170,60,0.850136766,12,56
2015-01-12,8,0.8,25.9,10170,60,0.850136766,12,56
2015-01-12,6,0.8,2.9,1440,0,0.817424242,12,8
2015-01-12,5,0.65,4.15,1440,0,0.809564394,12,8
2015-01-12,3,0.8,19.87,9900,0,0.800273829,12,55
2015-01-12,6,0.8,11.41,5670,50,0.800181818,12,31
2015-01-12,12,0.8,11.61,4470,50,0.80007657,12,31
2015-01-12,2,0.8,28.08,10530,63,0.8,12,58
2015-01-12,8,0.8,2.9,1440,0,0.725,12,8
2015-01-12,10,0.8,50.48,6930,45,0.688557555,12,58
2015-01-12,5,0.65,20.79,8460,0,0.650040783,12,59
2015-01-12,11,0.65,12.52,9540,44,0.64998056,12,53
2015-01-12,7,0.8,2.9,1440,0,0.648106061,12,8
2015-01-12,11,0.8,4.15,1440,0,0.640577652,12,8
2015-01-12,4,0.35,22.4,7350,0,0.35063299,12,51
2015-01-12,10,0.8,3.94,1440,0,0.24625,12,8
2015-01-13,4,0.35,4.3,2160,0,0.952020202,13,12
2015-01-13,1,0.8,3.94,1440,0,0.951420455,13,2
2015-01-13,10,0.8,3.94,5400,0,0.912766667,13,20
2015-01-13,3,0.8,4.15,1620,0,0.901262626,13,9
2015-01-13,9,0.8,3.94,1440,0,0.858143939,13,8
2015-01-13,1,0.8,26.16,10620,75,0.850502311,13,59
2015-01-13,9,0.8,26.16,10620,75,0.850502311,13,59
2015-01-13,8,0.8,25.9,10260,60,0.850252525,13,57
2015-01-13,7,0.8,25.9,10170,60,0.850136766,13,56
2015-01-13,5,0.65,4.15,1440,0,0.821354167,13,8
2015-01-13,2,0.8,3.94,1440,0,0.805909091,13,8
2015-01-13,6,0.8,11.61,5670,50,0.800246753,13,31
2015-01-13,12,0.8,11.61,5670,50,0.800246753,13,31
2015-01-13,2,0.8,28.08,10530,50,0.8,13,58
2015-01-13,3,0.8,42.27,9900,54,0.705576584,13,55
2015-01-13,8,0.8,2.9,1440,0,0.681060606,13,8
2015-01-13,7,0.8,2.9,1440,0,0.670075758,13,8
2015-01-13,11,0.8,4.15,1440,0,0.601278409,13,8
2015-01-13,11,0.7,27.13,9540,37,0.582301029,13,53
2015-01-13,5,0.7,20.79,10440,0,0.526810345,13,58
2015-01-13,4,0.5,22.4,10170,23,0.500380799,13,56
2015-01-13,10,0.35,22.4,10170,23,0.35020649,13,56
2015-01-14,11,0.8,4.15,1980,0,0.934607438,14,7
2015-01-14,4,0.35,4.3,2700,0,0.908080808,14,8
2015-01-14,7,0.8,25.9,10170,70,0.900144811,14,56
2015-01-14,1,0.8,3.94,1440,0,0.891723485,14,8
2015-01-14,5,0.65,4.15,1440,0,0.864583333,14,15
2015-01-14,9,0.8,3.94,1440,0,0.858143939,14,8
2015-01-14,9,0.8,26.16,10620,75,0.850502311,14,59
2015-01-14,8,0.8,25.9,10170,60,0.850136766,14,56
2015-01-14,7,0.8,2.9,1440,0,0.837594697,14,8
2015-01-14,3,0.8,4.15,1440,0,0.820833333,14,7
2015-01-14,12,0.8,11.61,2970,50,0.800313433,14,31
2015-01-14,6,0.8,11.61,5670,38,0.800246753,14,31
2015-01-14,1,0.8,26.16,10620,63,0.800117103,14,59
2015-01-14,5,0.7,20.79,7320,0,0.700095563,14,58
2015-01-14,8,0.8,2.9,1440,0,0.667329545,14,8
2015-01-14,4,0.6,22.4,5100,23,0.600369686,14,57
2015-01-14,10,0.5,22.4,3390,23,0.499980334,14,56
2015-01-14,11,0.35,14.61,7200,23,0.35003125,14,55
2015-01-14,10,0.8,3.94,1260,0,0.332359307,14,8
2015-01-14,2,0.8,51.02,4260,27,0.311207464,14,57
2015-01-14,2,0.8,3.94,1260,0,0.247316017,14,8
2015-01-15,4,0.35,4.3,3600,0,0.988636364,15,20
2015-01-15,10,0.8,3.94,3420,0,0.953110048,15,19
2015-01-15,1,0.8,3.94,1440,0,0.884261364,15,8
2015-01-15,5,0.65,4.15,1440,0,0.860653409,15,8
2015-01-15,9,0.8,3.94,1440,0,0.858143939,15,8
2015-01-15,1,0.8,26.16,10620,75,0.850502311,15,59
2015-01-15,8,0.8,25.9,8970,60,0.850415628,15,56
2015-01-15,7,0.8,25.9,10170,60,0.850136766,15,56
2015-01-15,9,0.8,26.16,10620,63,0.800117103,15,59
2015-01-15,6,0.8,11.61,4950,38,0.80003139,15,31
2015-01-15,12,0.8,11.61,4950,50,0.80003139,15,31
2015-01-15,5,0.7,20.79,10440,0,0.700060345,15,58
2015-01-15,7,0.8,2.9,1440,0,0.689299242,15,8
2015-01-15,3,0.5,22.52,10170,30,0.660683293,15,56
2015-01-15,4,0.65,22.52,10080,26,0.650130952,15,56
2015-01-15,8,0.8,2.9,1440,0,0.606912879,15,8
2015-01-15,10,0.6,22.52,10170,23,0.600291767,15,56
2015-01-15,11,0.5,14.89,9900,30,0.500025069,15,55
2015-01-15,2,0.5,22.94,9810,23,0.499998888,15,54
2015-01-17,5,0.65,4.15,2700,0,0.98719697,17,15
2015-01-17,2,0.8,3.94,1800,0,0.980909091,17,10
2015-01-17,10,0.8,3.94,1440,0,0.974621212,17,8
2015-01-17,1,0.8,3.94,1440,0,0.884261364,17,8
2015-01-17,9,0.8,3.94,1800,0,0.82680303,17,10
2015-01-17,6,0.8,11.41,5490,63,0.800343766,17,30
2015-01-17,12,0.8,11.61,5670,63,0.800246753,17,31
2015-01-17,7,0.8,25.9,10170,50,0.800128721,17,56
2015-01-17,8,0.8,25.9,10170,50,0.800128721,17,56
2015-01-17,1,0.8,48.68,10620,63,0.800117103,17,59
2015-01-17,9,0.8,26.16,10620,63,0.800117103,17,59
2015-01-17,2,0.6,22.94,6570,23,0.77011398,17,56
2015-01-17,4,0.7,22.52,10170,50,0.7005417,17,56
2015-01-17,8,0.8,2.9,1440,0,0.675568182,17,8
2015-01-17,7,0.8,2.9,1440,0,0.661837121,17,8
2015-01-17,10,0.65,22.52,9720,35,0.650198653,17,54
2015-01-17,3,0.6,22.52,10170,30,0.600291767,17,56
2015-01-17,11,0.6,14.89,10080,38,0.600273268,17,56
2015-01-17,6,0.8,2.9,900,0,0.465757576,17,5
2015-01-17,5,0.7,41.19,10440,21,0.452012539,17,58
2015-01-17,11,0.8,4.15,1260,0,0.313852814,17,7
2015-01-18,5,0.6,4.15,1440,0,0.852793561,18,8
2015-01-18,11,0.65,4.15,2160,0,0.838383838,18,12
2015-01-18,6,0.8,2.9,1800,0,0.804848485,18,10
2015-01-18,6,0.8,11.41,5490,63,0.800343766,18,30
2015-01-18,7,0.8,48.84,10170,50,0.800128721,18,56
2015-01-18,8,0.8,25.9,10170,38,0.800128721,18,56
2015-01-18,9,0.8,26.16,3660,50,0.800015009,18,59
2015-01-18,4,0.7,22.52,10170,50,0.7005417,18,56
2015-01-18,10,0.7,22.52,10080,40,0.700094156,18,56
2015-01-18,7,0.8,2.9,1440,0,0.692045455,18,8
2015-01-18,12,0.8,26.87,5670,56,0.662255892,18,31
2015-01-18,3,0.65,22.52,10170,35,0.650416734,18,56
2015-01-18,11,0.65,14.89,10260,44,0.650299575,18,57
2015-01-18,2,0.65,22.94,10170,26,0.650243497,18,56
2015-01-18,8,0.8,2.9,1440,0,0.639867424,18,8
2015-01-18,5,0.6,20.4,10440,30,0.600062696,18,58
2015-01-18,9,0.8,3.94,1800,0,0.582045455,18,10
2015-01-18,1,0.8,49.1,10350,24,0.403242161,18,57
2015-01-18,10,0.7,3.94,1440,0,0.235795455,18,8
2015-01-19,4,0.7,4.3,5040,0,0.977272727,19,28
2015-01-19,9,0.8,3.94,1800,0,0.964106061,19,10
2015-01-19,5,0.65,4.15,1440,0,0.958901515,19,8
2015-01-19,6,0.8,11.41,4380,50,0.800358775,19,31
2015-01-19,8,0.8,25.9,3630,50,0.800162602,19,56
2015-01-19,9,0.8,26.16,10620,63,0.800117103,19,59
2015-01-19,12,0.8,2.9,1440,0,0.793844697,19,8
2015-01-19,2,0.7,22.94,10170,38,0.750517565,19,56
2015-01-19,4,0.7,22.52,10260,63,0.750068049,19,57
2015-01-19,3,0.7,22.52,10170,50,0.750062751,19,56
2015-01-19,10,0.7,22.52,10080,63,0.750057359,19,56
2015-01-19,11,0.7,14.89,10260,50,0.700170388,19,57
2015-01-19,8,0.8,2.9,1440,0,0.683806818,19,8
2015-01-19,5,0.65,20.4,8280,35,0.650066445,19,58
2015-01-19,7,0.8,48.84,10260,30,0.576460393,19,57
2015-01-19,1,0.5,22.94,10170,30,0.549969429,19,56
2015-01-19,10,0.7,3.94,1440,0,0.538399621,19,8
2015-01-19,11,0.7,4.15,1440,0,0.409545455,19,8
2015-01-19,12,0.35,15.26,6120,23,0.35021836,19,34
2015-01-20,5,0.7,4.15,1440,0,1.033570076,20,8
2015-01-20,6,0.8,11.41,5580,63,0.800261486,20,31
2015-01-20,8,0.8,25.9,10170,50,0.800128721,20,56
2015-01-20,9,0.8,26.16,10620,63,0.800117103,20,59
2015-01-20,4,0.7,22.52,10260,63,0.750068049,20,57
2015-01-20,10,0.7,22.52,10080,63,0.750057359,20,56
2015-01-20,3,0.7,22.52,8460,50,0.750037968,20,57
2015-01-20,2,0.7,22.94,10260,50,0.750031898,20,57
2015-01-20,9,0.8,3.94,1800,0,0.72830303,20,10
2015-01-20,11,0.7,14.89,10260,50,0.700170388,20,57
2015-01-20,5,0.7,20.4,10260,50,0.700063796,20,57
2015-01-20,8,0.8,2.9,1440,0,0.639867424,20,8
2015-01-20,12,0.5,15.26,3720,23,0.500290419,20,34
2015-01-20,7,0.35,22.94,10080,30,0.400332792,20,56
2015-01-20,11,0.7,4.15,2700,0,0.362666667,20,15
2015-01-21,4,0.75,4.3,6000,0,0.978525641,21,20
2015-01-21,2,0.7,3.94,5100,0,0.912202112,21,17
2015-01-21,4,0.75,22.52,10080,94,0.900556277,21,56
2015-01-21,6,0.8,11.61,5760,75,0.850410511,21,89
2015-01-21,9,0.8,3.94,2400,0,0.827147436,21,8
2015-01-21,8,0.8,25.9,7470,38,0.800436542,21,56
2015-01-21,2,0.7,22.94,10500,60,0.800415742,21,57
2015-01-21,10,0.7,22.52,10080,75,0.800020563,21,56
2015-01-21,5,0.7,4.15,2400,0,0.758173077,21,8
2015-01-21,5,0.7,20.4,10440,50,0.750344828,21,58
2015-01-21,3,0.7,22.52,10260,63,0.750068049,21,57
2015-01-21,11,0.7,14.89,10260,50,0.700170388,21,57
2015-01-21,1,0.65,22.94,10260,34,0.700029771,21,57
2015-01-21,12,0.6,15.26,6360,23,0.60017284,21,34
2015-01-21,8,0.8,2.9,2400,0,0.594871795,21,8
2015-01-21,9,0.8,54.56,4140,29,0.520237649,21,58
2015-01-21,1,0.65,3.94,2400,0,0.505128205,21,8
2015-01-21,7,0.5,22.52,10080,23,0.500241342,21,56
2015-01-21,11,0.7,4.15,2700,0,0.470769231,21,9
2015-01-22,7,0.6,3.94,6000,0,0.957638889,22,10
2015-01-22,10,0.75,3.94,8400,0,0.940701058,22,14
2015-01-22,4,0.75,22.52,10080,81,0.849983766,22,56
2015-01-22,2,0.7,22.94,10620,60,0.800302791,22,57
2015-01-22,6,0.8,11.61,6360,63,0.800191989,22,32
2015-01-22,10,0.75,22.52,10080,55,0.800020563,22,56
2015-01-22,1,0.7,22.94,12180,63,0.750162367,22,57
2015-01-22,3,0.7,22.52,10260,63,0.750068049,22,57
2015-01-22,5,0.7,4.15,9000,0,0.742901235,22,15
2015-01-22,5,0.7,20.4,10440,40,0.700250784,22,58
2015-01-22,11,0.7,14.89,10260,50,0.700170388,22,57
2015-01-22,4,0.75,4.3,9000,0,0.670216049,22,15
2015-01-22,1,0.7,3.94,15000,0,0.649662222,22,25
2015-01-22,2,0.7,3.94,15000,0,0.649662222,22,25
2015-01-22,6,0.8,2.9,4800,0,0.626822917,22,8
2015-01-22,12,0.6,15.26,6960,23,0.600436426,22,34
2015-01-22,7,0.6,22.52,10260,23,0.60041361,22,57
2015-01-22,8,0.8,40.99,10770,30,0.555500132,22,56
2015-01-22,9,0.5,29.12,10440,30,0.500547544,22,58
2015-01-22,3,0.7,3.94,12000,0,0.460578704,22,20
2015-01-22,8,0.8,2.9,4800,0,0.397743056,22,8
2015-01-22,12,0.6,4.08,5400,0,0.327407407,22,9
2015-01-24,5,0.7,4.15,2700,0,0.966666667,24,15
2015-01-24,10,0.75,3.94,1800,0,0.937242424,24,10
2015-01-24,8,0.8,2.9,1620,0,0.910521886,24,9
2015-01-24,2,0.75,22.94,10260,94,0.90064806,24,57
2015-01-24,4,0.75,22.52,10260,94,0.900321106,24,57
2015-01-24,11,0.75,4.15,1800,0,0.896022727,24,10
2015-01-24,3,0.75,3.94,1440,0,0.895454545,24,8
2015-01-24,7,0.65,3.94,2160,0,0.870580808,24,12
2015-01-24,12,0.7,4.08,1620,0,0.858585859,24,9
2015-01-24,1,0.7,22.94,10260,75,0.800643806,24,57
2015-01-24,10,0.75,22.52,10080,69,0.80062987,24,56
2015-01-24,6,0.8,11.61,5640,63,0.800537143,24,32
2015-01-24,3,0.75,22.52,10260,69,0.80035194,24,57
2015-01-24,12,0.75,15.26,6120,40,0.750079323,24,34
2015-01-24,11,0.75,42.97,10260,56,0.750041201,24,57
2015-01-24,5,0.7,20.4,10440,50,0.700250784,24,58
2015-01-24,4,0.75,4.3,2160,0,0.651515152,24,12
2015-01-24,7,0.65,22.52,10170,26,0.650416734,24,56
2015-01-24,9,0.6,29.12,6660,23,0.600125217,24,58
2015-01-24,2,0.75,3.94,1440,0,0.578314394,24,8
2015-01-24,1,0.7,3.94,1440,0,0.578314394,24,8
2015-01-24,8,0.35,15.09,9360,23,0.34998951,24,52
2015-01-24,9,0.6,3.94,1440,0,0.261174242,24,8
2015-01-25,5,0.7,4.15,3060,0,0.973796791,25,17
2015-01-25,2,0.75,3.94,1440,0,0.970075758,25,8
2015-01-25,1,0.7,3.94,1440,0,0.970075758,25,8
2015-01-25,3,0.75,3.94,1620,0,0.961784512,25,9
2015-01-25,10,0.75,3.94,3420,0,0.955151515,25,19
2015-01-25,4,0.75,4.3,2160,0,0.952020202,25,12
2015-01-25,4,0.75,22.52,10260,94,0.900321106,25,57
2015-01-25,2,0.75,22.94,10530,81,0.850223776,25,58
2015-01-25,1,0.7,22.94,10530,75,0.800909609,25,58
2015-01-25,3,0.75,22.52,10350,55,0.800513307,25,57
2015-01-25,6,0.8,11.61,5760,63,0.800386364,25,32
2015-01-25,10,0.75,22.52,10080,69,0.800020563,25,56
2015-01-25,7,0.65,3.94,2520,0,0.749188312,25,14
2015-01-25,7,0.7,22.52,10170,40,0.7005417,25,56
2015-01-25,12,0.7,15.26,6120,40,0.70043672,25,34
2015-01-25,5,0.7,20.4,10440,50,0.700250784,25,58
2015-01-25,9,0.65,29.12,10440,26,0.650407524,25,58
2015-01-25,12,0.7,4.08,1620,0,0.618181818,25,9
2015-01-25,11,0.75,42.97,10260,40,0.59114168,25,57
2015-01-25,8,0.5,15.09,720,23,0.500061916,25,52
2015-01-25,8,0.8,2.9,720,0,0.329545455,25,4
2015-01-26,3,0.75,3.94,1800,0,1.059621212,26,10
2015-01-26,10,0.75,3.94,3780,0,0.997792208,26,21
2015-01-26,4,0.75,4.3,2160,0,0.963699495,26,12
2015-01-26,5,0.7,4.15,2700,0,0.959191919,26,15
2015-01-26,2,0.75,3.94,1800,0,0.910378788,26,10
2015-01-26,1,0.7,3.94,1800,0,0.910378788,26,10
2015-01-26,4,0.8,22.52,10170,60,0.850312684,26,56
2015-01-26,6,0.8,11.61,5760,50,0.800386364,26,32
2015-01-26,3,0.75,22.52,10260,69,0.80035194,26,57
2015-01-26,2,0.75,22.94,10260,55,0.800034024,26,57
2015-01-26,1,0.7,22.94,10440,60,0.800023511,26,58
2015-01-26,10,0.75,22.52,10080,55,0.800020563,26,56
2015-01-26,12,0.7,4.08,1620,0,0.769292929,26,9
2015-01-26,5,0.75,20.4,10320,56,0.750031447,26,58
2015-01-26,9,0.7,29.12,10440,40,0.70061442,26,58
2015-01-26,12,0.7,15.26,6120,40,0.70043672,26,34
2015-01-26,7,0.65,3.94,1440,0,0.646306818,26,8
2015-01-26,8,0.6,15.09,360,23,0.600143365,26,52
2015-01-26,11,0.35,28.08,10260,23,0.350066986,26,57
2015-01-27,2,0.75,22.52,6840,119,1.000230409,27,57
2015-01-27,3,0.75,22.52,6840,119,1.000230409,27,57
2015-01-27,10,0.8,3.94,1440,0,0.979527778,27,12
2015-01-27,4,0.8,4.3,1440,0,0.940625,27,12
2015-01-27,5,0.5,4.15,1440,0,0.926388889,27,12
2015-01-27,10,0.8,22.52,6720,70,0.900129762,27,56
2015-01-27,3,0.75,3.94,1440,0,0.861875,27,12
2015-01-27,4,0.8,22.52,6780,60,0.850312684,27,56
2015-01-27,8,0.65,3.94,960,0,0.845458333,27,8
2015-01-27,12,0.7,4.15,1080,0,0.823555556,27,9
2015-01-27,7,0.5,4.15,960,0,0.803541667,27,8
2015-01-27,1,0.75,22.94,6960,55,0.800263218,27,58
2015-01-27,2,0.75,3.94,1200,0,0.788,27,10
2015-01-27,1,0.75,3.94,1200,0,0.77815,27,10
2015-01-27,9,0.7,29.12,6960,50,0.700386207,27,58
2015-01-27,12,0.7,15.26,4080,40,0.700164706,27,34
2015-01-27,8,0.65,15.09,240,23,0.650307143,27,52
2015-01-27,6,0.8,30.4,3840,34,0.622828125,27,32
2015-01-27,6,0.8,2.9,960,0,0.6225,27,8
2015-01-27,5,0.5,20.79,6960,30,0.500035345,27,58
2015-01-27,11,0.5,48.18,6480,23,0.37046657,27,54
2015-01-28,2,0.8,22.52,6840,90,1.000230409,28,57
2015-01-28,3,0.8,22.52,6840,113,1.000230409,28,57
2015-01-28,6,0.35,2.9,1800,0,0.977555556,28,15
2015-01-28,1,0.75,3.94,1200,0,0.9456,28,10
2015-01-28,2,0.8,3.94,1800,0,0.902222222,28,15
2015-01-28,10,0.8,22.52,6720,60,0.850532143,28,56
2015-01-28,1,0.75,22.94,6960,81,0.850362069,28,58
2015-01-28,10,0.8,3.94,1200,0,0.840533333,28,10
2015-01-28,5,0.6,20.79,6960,88,0.800534483,28,58
2015-01-28,4,0.8,22.52,6780,50,0.800489676,28,56
2015-01-28,12,0.75,4.08,1080,0,0.755555556,28,9
2015-01-28,9,0.7,29.12,6960,63,0.750593103,28,58
2015-01-28,12,0.75,15.26,3600,45,0.750283333,28,35
2015-01-28,4,0.8,4.3,1440,0,0.722638889,28,12
2015-01-28,8,0.65,4.15,960,0,0.553333333,28,8
2015-01-28,11,0.5,20.1,5880,46,0.500567308,28,54
2015-01-28,8,0.7,38.09,6240,0,0.467693269,28,52
2015-01-28,6,0.35,18.79,1800,23,0.437995338,28,32
2015-01-28,7,0.6,3.94,960,0,0.406354167,28,8
2015-01-28,7,0.6,23.54,6600,0,0.285333333,28,55
2015-01-28,11,0.5,2.9,960,0,0.259375,28,8
2015-01-29,2,0.8,22.52,6840,113,1.000230409,29,57
2015-01-29,4,0.8,4.3,1200,0,0.989,29,10
2015-01-29,3,0.8,22.52,6840,100,0.950185965,29,57
2015-01-29,4,0.8,22.52,6900,88,0.9008,29,57
2015-01-29,10,0.8,22.52,6720,88,0.900129762,29,56
2015-01-29,6,0.5,2.9,1200,0,0.899,29,10
2015-01-29,8,0.65,4.15,960,0,0.877552083,29,8
2015-01-29,11,0.6,2.9,960,0,0.864583333,29,8
2015-01-29,10,0.8,3.94,1200,0,0.85695,29,10
2015-01-29,1,0.75,3.94,1200,0,0.853666667,29,10
2015-01-29,1,0.75,22.94,6960,81,0.850362069,29,58
2015-01-29,9,0.7,29.12,6960,53,0.850170115,29,58
2015-01-29,5,0.65,20.79,7080,81,0.800473729,29,59
2015-01-29,2,0.8,3.94,1200,0,0.773333333,29,10
2015-01-29,12,0.75,15.26,4200,45,0.750646667,29,35
2015-01-29,12,0.75,4.08,1080,0,0.634666667,29,9
2015-01-29,11,0.6,20.1,4320,46,0.60059761,29,51
2015-01-29,6,0.5,18.79,3960,23,0.500117677,29,33
2015-01-29,3,0.8,3.94,960,0,0.4925,29,8
2015-01-29,7,0.65,23.54,6600,0,0.48792,29,55
2015-01-31,3,0.8,22.52,6960,113,1.000457471,31,58
2015-01-31,2,0.8,22.52,6840,113,1.000230409,31,57
2015-01-31,2,0.8,3.94,1200,0,0.971866667,31,10
2015-01-31,3,0.8,3.94,960,0,0.971866667,31,8
2015-01-31,4,0.8,3.94,1200,0,0.971866667,31,10
2015-01-31,10,0.8,3.94,1200,0,0.971866667,31,10
2015-01-31,1,0.75,3.94,1800,0,0.971866667,31,15
2015-01-31,9,0.75,3.94,240,0,0.971866667,31,2
2015-01-31,12,0.75,4.08,1080,0,0.971866667,31,9
2015-01-31,5,0.7,3.94,240,0,0.971866667,31,2
2015-01-31,7,0.7,3.94,1200,0,0.971866667,31,10
2015-01-31,8,0.65,3.94,960,0,0.971866667,31,8
2015-01-31,11,0.65,3.94,600,0,0.971866667,31,5
2015-01-31,6,0.6,3.94,1200,0,0.971866667,31,10
2015-01-31,10,0.8,22.52,6720,93,0.920236905,31,56
2015-01-31,4,0.8,22.52,6660,88,0.900537069,31,57
2015-01-31,9,0.75,29.12,6840,81,0.850610526,31,57
2015-01-31,1,0.75,22.94,6960,81,0.850362069,31,58
2015-01-31,12,0.75,15.26,4200,45,0.750646667,31,35
2015-01-31,5,0.7,50.89,5880,56,0.656763743,31,59
2015-01-31,11,0.65,20.1,6480,49,0.650148148,31,54
2015-01-31,6,0.6,18.79,3960,23,0.600710606,31,33
2015-01-31,7,0.7,23.54,6720,0,0.388830357,31,56
2015-01-31,8,0.5,23.54,6480,0,0.286984568,31,54
2015-02-01,8,0.65,4.15,960,0,1.0115625,32,8
2015-02-01,2,0.8,22.52,6900,113,1.000671304,32,57
2015-02-01,1,0.8,22.94,3060,113,1.000402055,32,58
2015-02-01,1,0.75,3.94,2280,0,0.950438596,32,19
2015-02-01,3,0.8,22.52,6840,100,0.950185965,32,57
2015-02-01,2,0.8,3.94,1200,0,0.912766667,32,10
2015-02-01,7,0.7,3.94,2160,0,0.892194444,32,18
2015-02-01,10,0.8,3.94,1200,0,0.8865,32,10
2015-02-01,10,0.8,22.52,6720,75,0.850532143,32,56
2015-02-01,4,0.8,22.52,7020,60,0.85011396,32,58
2015-02-01,4,0.8,4.3,1440,0,0.845069444,32,12
2015-02-01,9,0.75,29.12,6960,45,0.750593103,32,58
2015-02-01,12,0.75,15.26,1440,45,0.750450658,32,35
2015-02-01,12,0.75,4.08,1080,0,0.702666667,32,9
2015-02-01,11,0.7,20.1,6120,75,0.700508929,32,54
2015-02-01,6,0.65,18.79,3960,26,0.651007071,32,33
2015-02-01,8,0.6,24.26,6600,0,0.466821212,32,55
2015-02-01,7,0.7,24.26,6720,0,0.411553571,32,56
2015-02-01,6,0.6,2.9,1200,0,0.314166667,32,10
2015-02-02,1,0.8,22.94,7020,113,1.000602279,33,58
2015-02-02,9,0.75,3.94,960,0,0.994270833,33,8
2015-02-02,2,0.8,22.52,7020,88,0.900158405,33,58
2015-02-02,3,0.8,22.52,6840,70,0.90014152,33,57
2015-02-02,10,0.8,22.52,6720,88,0.900129762,33,56
2015-02-02,10,0.8,3.94,1200,0,0.85695,33,10
2015-02-02,4,0.8,4.3,1440,0,0.809236111,33,12
2015-02-02,12,0.8,15.26,3600,63,0.800401961,33,35
2015-02-02,4,0.8,22.52,5940,50,0.800393224,33,56
2015-02-02,9,0.75,29.12,6960,55,0.799963218,33,58
2015-02-02,12,0.75,4.08,1080,0,0.740444444,33,9
2015-02-02,11,0.7,20.55,6480,60,0.700398148,33,54
2015-02-02,6,0.7,18.79,3960,30,0.700354545,33,33
2015-02-02,8,0.65,4.15,960,0,0.561979167,33,8
2015-02-02,1,0.75,3.94,2280,0,0.504596491,33,19
2015-02-02,5,0.5,30.1,6960,0,0.500801724,33,58
2015-02-02,7,0.7,24.26,6720,0,0.295307738,33,56
2015-02-02,6,0.6,2.9,1200,0,0.280333333,33,10
2015-02-02,8,0.65,24.26,6600,0,0.260978788,33,55
2015-02-03,2,0.8,3.94,2400,0,1.001416667,34,20
2015-02-03,1,0.8,22.52,6900,113,1.000018551,34,57
2015-02-03,10,0.8,22.52,6720,90,0.999995238,34,56
2015-02-03,1,0.8,3.94,1200,0,0.99485,34,10
2015-02-03,8,0.7,4.15,960,0,0.976979167,34,8
2015-02-03,3,0.8,22.52,6840,100,0.950185965,34,57
2015-02-03,2,0.8,22.52,6960,100,0.949981609,34,58
2015-02-03,9,0.75,3.94,1320,0,0.919954545,34,11
2015-02-03,4,0.8,22.52,5460,63,0.800434622,34,56
2015-02-03,12,0.8,15.26,2040,50,0.800259023,34,35
2015-02-03,12,0.8,4.08,1080,0,0.778222222,34,9
2015-02-03,9,0.75,29.12,6960,34,0.750593103,34,58
2015-02-03,11,0.7,25.31,5760,60,0.700513566,34,54
2015-02-03,6,0.7,18.79,4020,30,0.700184577,34,33
2015-02-03,8,0.7,24.26,6660,0,0.586465465,34,55
2015-02-03,7,0.7,24.26,6720,0,0.541517857,34,56
2015-02-03,4,0.8,4.3,1440,0,0.5375,34,12
2015-02-03,6,0.7,2.9,960,0,0.495416667,34,8
2015-02-03,5,0.6,30.1,6960,0,0.415172414,34,58
2015-02-04,2,0.8,22.52,6900,100,1.05028058,35,57
2015-02-04,3,0.8,22.52,6840,113,1.000230409,35,57
2015-02-04,10,0.8,22.52,6720,113,0.999995238,35,56
2015-02-04,2,0.8,3.94,2160,0,0.966759259,35,18
2015-02-04,1,0.8,3.94,1200,0,0.929183333,35,10
2015-02-04,8,0.7,4.15,3000,0,0.915766667,35,25
2015-02-04,1,0.8,22.52,6900,88,0.900147246,35,57
2015-02-04,12,0.8,15.26,4080,38,0.800401961,35,34
2015-02-04,9,0.8,22.52,6960,50,0.799963218,35,58
2015-02-04,7,0.7,3.94,960,0,0.779791667,35,8
2015-02-04,9,0.75,3.94,960,0,0.755166667,35,8
2015-02-04,6,0.7,18.79,3360,30,0.700710417,35,33
2015-02-04,7,0.7,24.26,6960,0,0.700612069,35,58
2015-02-04,11,0.7,10.05,6120,60,0.700278846,35,53
2015-02-04,8,0.7,29.12,6840,0,0.700135088,35,57
2015-02-04,12,0.8,4.08,1080,0,0.687555556,35,9
2015-02-04,5,0.65,30.1,5820,0,0.650834808,35,58
2015-02-04,6,0.7,2.9,960,0,0.531666667,35,8
2015-02-04,4,0.35,30.1,6060,23,0.350706422,35,55
2015-02-05,2,0.8,22.52,6780,113,1.000446018,36,56
2015-02-05,1,0.8,22.52,6900,113,1.000018551,36,57
2015-02-05,10,0.8,22.52,6720,113,0.999995238,36,56
2015-02-05,2,0.8,3.94,2640,0,0.999924242,36,22
2015-02-05,3,0.8,22.52,6840,100,0.950185965,36,57
2015-02-05,6,0.7,2.9,960,0,0.9425,36,8
2015-02-05,12,0.8,4.08,1080,0,0.906666667,36,9
2015-02-05,7,0.7,3.94,1200,0,0.8471,36,10
2015-02-05,1,0.8,3.94,1440,0,0.845458333,36,12
2015-02-05,12,0.8,15.26,720,38,0.800612676,36,34
2015-02-05,9,0.8,29.12,6960,50,0.799963218,36,58
2015-02-05,10,0.8,3.94,960,0,0.771583333,36,8
2015-02-05,11,0.75,10.05,2520,34,0.7504,36,26
2015-02-05,6,0.7,18.79,2760,30,0.700079032,36,33
2015-02-05,5,0.7,30.1,6960,0,0.562212644,36,58
2015-02-05,7,0.07,24.26,6960,0,0.522844828,36,58
2015-02-05,4,0.5,30.1,6360,23,0.500720126,36,53
2015-02-05,8,0.7,24.26,6840,0,0.496549708,36,57
2015-02-07,2,0.8,3.94,3000,0,1.050666667,38,25
2015-02-07,2,0.8,22.52,6900,113,1.000018551,38,58
2015-02-07,3,0.8,22.52,6840,100,0.950185965,38,57
2015-02-07,1,0.8,22.52,6780,88,0.900135693,38,57
2015-02-07,10,0.8,22.52,6720,88,0.900129762,38,56
2015-02-07,12,0.8,4.08,1080,0,0.899111111,38,9
2015-02-07,1,0.8,3.94,1200,0,0.870083333,38,10
2015-02-07,6,0.75,2.9,960,0,0.845833333,38,8
2015-02-07,12,0.8,15.26,4080,63,0.800401961,38,34
2015-02-07,9,0.8,29.12,6960,50,0.799963218,38,58
2015-02-07,9,0.8,3.94,960,0,0.771583333,38,8
2015-02-07,6,0.75,18.79,1560,34,0.750520115,38,33
2015-02-07,11,0.75,10.05,3240,45,0.750027778,38,27
2015-02-07,7,0.7,3.94,1200,0,0.715766667,38,10
2015-02-07,7,0.7,24.26,6960,0,0.662270115,38,58
2015-02-07,4,0.6,30.1,6780,30,0.600224189,38,57
2015-02-07,5,0.7,30.1,7500,0,0.545657673,38,59
2015-02-07,4,0.8,4.3,960,0,0.447916667,38,8
2015-02-07,8,0.7,24.26,6840,0,0.365318713,38,57
2015-02-08,2,0.8,22.52,6900,113,1.000018551,39,57
2015-02-08,7,0.7,4.15,1440,0,0.928680556,39,12
2015-02-08,10,0.8,22.52,6720,88,0.9008,39,56
2015-02-08,1,0.8,22.52,6780,88,0.900135693,39,56
2015-02-08,3,0.8,22.52,6720,88,0.900129762,39,56
2015-02-08,1,0.8,3.94,1200,0,0.893066667,39,10
2015-02-08,12,0.8,4.08,1080,0,0.891555556,39,9
2015-02-08,2,0.8,3.94,2160,0,0.875555556,39,18
2015-02-08,8,0.7,4.15,1800,0,0.840888889,39,15
2015-02-08,12,0.8,15.26,2880,63,0.800355208,39,34
2015-02-08,9,0.8,29.12,6960,50,0.799963218,39,58
2015-02-08,6,0.75,18.79,3960,34,0.75065101,39,33
2015-02-08,11,0.75,10.05,3240,45,0.750027778,39,27
2015-02-08,5,0.7,30.1,7020,0,0.700618234,39,58
2015-02-08,6,0.75,2.9,960,0,0.610208333,39,8
2015-02-08,9,0.8,3.94,960,0,0.607416667,39,8
2015-02-08,4,0.65,30.1,6780,44,0.568259587,39,56
2015-02-08,7,0.7,24.26,6960,0,0.355534483,39,58
2015-02-08,8,0.7,24.26,6840,0,0.353259649,39,57
2015-02-09,2,0.8,3.94,2160,0,1.057962963,40,18
2015-02-09,1,0.8,3.94,1200,0,0.962016667,40,10
2015-02-09,10,0.8,22.52,120,88,0.9008,40,56
2015-02-09,1,0.8,22.52,3600,70,0.900509044,40,57
2015-02-09,2,0.8,22.52,360,70,0.900477825,40,57
2015-02-09,6,0.75,2.9,960,0,0.888125,40,8
2015-02-09,12,0.8,15.26,4080,63,0.800401961,40,34
2015-02-09,3,0.8,22.52,5400,50,0.800161172,40,57
2015-02-09,9,0.8,29.12,6960,50,0.799963218,40,58
2015-02-09,4,0.7,30.1,3300,50,0.790003236,40,57
2015-02-09,11,0.75,10.05,0,45,0.750648148,40,54
2015-02-09,8,0.35,4.15,1800,0,0.707111111,40,15
2015-02-09,5,0.7,30.1,7020,40,0.700618234,40,58
2015-02-09,9,0.8,3.94,960,0,0.697708333,40,8
2015-02-09,6,0.75,18.79,4080,0,0.612517157,40,34
2015-02-09,7,0.35,30.1,6960,0,0.350301724,40,58
2015-02-09,8,0.35,30.1,6960,0,0.350301724,40,58
2015-02-09,12,0.8,4.08,1080,0,0.272,40,9
2015-02-10,12,0.8,4.08,1080,0,1.004888889,41,9
2015-02-10,2,0.8,3.94,2160,0,0.966759259,41,18
2015-02-10,10,0.8,22.52,0,88,0.90063244,41,56
2015-02-10,1,0.8,22.52,0,88,0.90047076,41,57
2015-02-10,3,0.8,22.52,0,88,0.90047076,41,57
2015-02-10,2,0.8,22.52,0,88,0.899984058,41,57
2015-02-10,1,0.8,3.94,1440,0,0.853666667,41,12
2015-02-10,9,0.8,29.12,2160,38,0.8008,41,58
2015-02-10,12,0.8,15.26,4080,50,0.800401961,41,34
2015-02-10,4,0.7,4.15,1800,0,0.796755556,41,15
2015-02-10,6,0.75,18.79,2400,0,0.750797009,41,34
2015-02-10,11,0.8,10.05,3240,34,0.750648148,41,54
2015-02-10,5,0.75,30.1,7020,45,0.750356125,41,58
2015-02-10,8,0.35,4.15,960,0,0.703770833,41,8
2015-02-10,4,0.7,30.1,7020,40,0.700618234,41,58
2015-02-10,9,0.8,3.94,960,0,0.6895,41,8
2015-02-10,6,0.75,2.9,960,0,0.628333333,41,8
2015-02-10,7,0.5,30.1,6960,23,0.500801724,41,58
2015-02-10,8,0.5,30.1,6960,30,0.393548851,41,58
2015-02-11,4,0.7,4.15,1800,0,1.033155556,42,15
2015-02-11,12,0.8,4.08,1080,0,1.02,42,9
2015-02-11,2,0.8,22.52,0,90,1.000344928,42,57
2015-02-11,1,0.8,22.52,0,113,1.000065789,42,57
2015-02-11,8,0.35,4.15,1440,0,0.994375,42,12
2015-02-11,2,0.8,3.94,2160,0,0.912037037,42,18
2015-02-11,5,0.7,4.15,240,0,0.87,42,2
2015-02-11,10,0.8,22.52,0,75,0.850364583,42,56
2015-02-11,6,0.8,18.79,3480,38,0.800947475,42,34
2015-02-11,12,0.8,15.26,4080,50,0.800401961,42,34
2015-02-11,9,0.8,29.12,3240,50,0.800144144,42,58
2015-02-11,5,0.75,30.1,7380,56,0.750406233,42,59
2015-02-11,8,0.6,30.1,4560,30,0.714410494,42,58
2015-02-11,4,0.7,30.1,5940,40,0.700588406,42,59
2015-02-11,1,0.8,3.94,1440,0,0.618361111,42,12
2015-02-11,7,0.6,30.1,3360,23,0.600070513,42,58
2015-02-11,9,0.8,3.94,960,0,0.54175,42,8
2015-02-11,3,0.8,22.52,6840,0,0.536901754,42,57
2015-02-11,11,0.35,11.41,3240,0,0.507903226,42,52
2015-02-12,1,0.8,22.52,0,138,1.100483918,43,57
2015-02-12,4,0.7,4.15,1800,0,1.096633333,43,15
2015-02-12,2,0.8,22.52,0,113,1.000344928,43,57
2015-02-12,12,0.8,4.08,1080,0,0.838666667,43,9
2015-02-12,12,0.8,15.26,4080,50,0.800401961,43,34
2015-02-12,8,0.35,4.15,1440,0,0.755486111,43,12
2015-02-12,5,0.75,30.1,7080,56,0.750799435,43,59
2015-02-12,6,0.8,18.79,3960,0,0.688017677,43,33
2015-02-12,1,0.8,3.94,1440,0,0.664875,43,12
2015-02-12,9,0.8,3.94,960,0,0.656666667,43,8
2015-02-12,4,0.7,30.1,7080,0,0.637711864,43,59
2015-02-12,2,0.8,3.94,2160,0,0.601944444,43,18
2015-02-12,5,0.7,4.15,240,0,0.58,43,2
2015-02-12,7,0.65,30.1,7080,0,0.535677966,43,59
2015-02-12,11,0.5,11.41,2280,0,0.50012336,43,55
2015-02-12,9,0.8,29.12,6960,0,0.497885057,43,58
2015-02-12,8,0.65,30.1,7080,0,0.463403955,43,59
2015-02-12,10,0.8,22.52,6000,0,0.441392,43,50
2015-02-12,3,0.35,30.1,6960,0,0.350301724,43,58
2015-02-14,1,0.8,22.52,6840,113,1.000230409,45,57
2015-02-14,7,0.7,4.15,1800,0,0.929277778,45,15
2015-02-14,4,0.75,4.15,2400,0,0.902916667,45,20
2015-02-14,12,0.8,4.08,1080,0,0.800888889,45,9
2015-02-14,12,0.8,15.26,4080,63,0.800401961,45,34
2015-02-14,2,0.8,22.52,3660,63,0.80037492,45,57
2015-02-14,1,0.8,3.94,1440,0,0.796208333,45,12
2015-02-14,4,0.75,30.1,7140,0,0.750392157,45,59
2015-02-14,5,0.75,30.1,7140,56,0.750392157,45,59
2015-02-14,8,0.7,4.15,960,0,0.725625,45,8
2015-02-14,8,0.7,30.1,5160,0,0.700206125,45,60
2015-02-14,7,0.7,30.1,7200,0,0.602,45,60
2015-02-14,11,0.6,11.41,2280,23,0.600447507,45,55
2015-02-14,6,0.8,18.79,4080,0,0.557252451,45,34
2015-02-14,3,0.5,30.1,6960,30,0.500801724,45,58
2015-02-14,6,0.8,2.9,960,0,0.483333333,45,8
2015-02-14,9,0.8,3.94,960,0,0.238041667,45,8
2015-02-15,1,0.8,3.94,960,0,1.1204375,46,8
2015-02-15,2,0.8,3.94,960,0,1.108125,46,8
2015-02-15,1,0.8,22.52,6840,113,1.000230409,46,57
2015-02-15,12,0.8,4.08,1080,0,0.876444444,46,9
2015-02-15,12,0.8,15.26,1440,50,0.800806306,46,34
2015-02-15,5,0.75,4.15,240,0,0.760833333,46,2
2015-02-15,5,0.8,30.1,7140,0,0.722568627,46,59
2015-02-15,11,0.6,2.9,1200,0,0.715333333,46,10
2015-02-15,7,0.7,30.1,7080,0,0.700632768,46,59
2015-02-15,8,0.7,30.1,5880,40,0.700573099,46,59
2015-02-15,6,0.75,18.79,4080,0,0.681598039,46,34
2015-02-15,11,0.65,11.41,2640,23,0.650223718,46,53
2015-02-15,8,0.7,4.15,960,0,0.605208333,46,8
2015-02-15,6,0.8,2.9,960,0,0.604166667,46,8
2015-02-15,4,0.75,30.1,7140,0,0.598627451,46,59
2015-02-15,3,0.6,30.1,6960,30,0.475718391,46,58
2015-02-15,2,0.8,22.52,6900,0,0.432122899,46,57
2015-02-15,4,0.75,4.15,2400,0,0.287041667,46,20
2015-02-15,9,0.5,18.79,5280,0,0.283054487,46,54
2015-02-16,1,0.8,22.52,6840,113,1.000230409,47,57
2015-02-16,9,0.8,3.94,1200,0,0.960433333,47,10
2015-02-16,12,0.8,4.08,1080,0,0.891555556,47,9
2015-02-16,3,0.5,4.15,960,0,0.864583333,47,8
2015-02-16,3,0.65,30.1,600,63,0.802243319,47,58
2015-02-16,5,0.8,30.1,0,0,0.800980392,47,59
2015-02-16,12,0.8,15.26,3720,38,0.800312375,47,34
2015-02-16,6,0.8,2.9,960,0,0.773333333,47,8
2015-02-16,6,0.75,18.79,3960,0,0.75065101,47,33
2015-02-16,4,0.75,30.1,7020,0,0.750356125,47,58
2015-02-16,4,0.75,4.15,1800,0,0.722333333,47,15
2015-02-16,7,0.7,30.1,600,30,0.700459889,47,59
2015-02-16,5,0.75,4.15,1200,0,0.629416667,47,10
2015-02-16,8,0.7,30.1,7080,27,0.621971751,47,59
2015-02-16,11,0.7,11.41,2160,30,0.565972222,47,54
2015-02-16,10,0.6,18.22,5280,0,0.35542803,47,44
2015-02-16,9,0.6,18.79,5400,0,0.329964879,47,54
2015-02-16,7,0.7,4.15,1800,0,0.258,47,15
2015-02-17,1,0.8,22.52,6840,113,1.000230409,48,57
2015-02-17,10,0.8,3.94,960,0,0.927541667,48,8
2015-02-17,7,0.7,5.13,1200,0,0.91375,48,10
2015-02-17,12,0.8,5.13,1080,0,0.9025,48,9
2015-02-17,12,0.8,15.26,4080,38,0.800401961,48,34
2015-02-17,3,0.5,5.13,1800,0,0.7866,48,15
2015-02-17,6,0.75,18.79,3360,0,0.750621354,48,33
2015-02-17,4,0.75,30.1,7020,45,0.750356125,48,58
2015-02-17,6,0.8,2.9,960,0,0.749166667,48,8
2015-02-17,7,0.7,30.1,840,30,0.700888203,48,59
2015-02-17,11,0.7,11.41,3420,30,0.700614035,48,56
2015-02-17,3,0.7,30.1,6960,50,0.700603448,48,58
2015-02-17,4,0.75,5.13,960,0,0.656666667,48,8
2015-02-17,5,0.8,30.1,7140,0,0.653431373,48,59
2015-02-17,9,0.65,18.79,5520,0,0.650134,48,51
2015-02-17,8,0.6,29.4,0,23,0.600982906,48,58
2015-02-17,9,0.8,3.94,960,0,0.586041667,48,8
2015-02-17,2,0.8,5.13,1800,0,0.5814,48,15
2015-02-17,2,0.5,30.33,6720,0,0.361071429,48,56
2015-02-17,10,0.65,18.22,0,0,0.302117347,48,49
2015-02-18,12,0.8,5.13,1200,0,0.9918,49,10
2015-02-18,6,0.8,2.9,1440,0,0.936861111,49,12
2015-02-18,2,0.8,5.13,1440,0,0.919125,49,12
2015-02-18,11,0.7,11.41,3360,30,0.8211125,49,56
2015-02-18,4,0.8,30.1,480,50,0.800980392,49,58
2015-02-18,5,0.8,30.1,0,0,0.800980392,49,59
2015-02-18,12,0.8,15.26,4080,63,0.800401961,49,34
2015-02-18,1,0.8,22.52,3960,63,0.800279693,49,57
2015-02-18,6,0.75,18.79,3960,34,0.75065101,49,33
2015-02-18,7,0.75,30.1,2280,45,0.75053268,49,59
2015-02-18,4,0.75,5.13,960,0,0.734645833,49,8
2015-02-18,3,0.7,30.1,0,40,0.700603448,49,58
2015-02-18,9,0.7,18.79,4560,30,0.70009573,49,51
2015-02-18,7,0.7,5.13,960,0,0.671875,49,8
2015-02-18,10,0.8,3.94,960,0,0.64025,49,8
2015-02-18,8,0.7,5.13,960,0,0.58,49,8
2015-02-18,9,0.8,3.94,960,0,0.549791667,49,8
2015-02-18,2,0.6,30.33,6840,0,0.328131579,49,57
2015-02-18,10,0.7,19.68,5640,0,0.303574468,49,47
2015-02-18,3,0.5,5.13,960,0,0.2565,49,8
2015-02-18,8,0.65,29.4,4560,0,0.251399254,49,57
2015-02-19,3,0.5,5.13,2880,0,0.81640625,50,12
2015-02-19,12,0.8,15.26,1080,38,0.800711494,50,34
2015-02-19,1,0.8,22.52,3840,63,0.800470513,50,57
2015-02-19,4,0.8,30.1,7020,63,0.800094017,50,58
2015-02-19,5,0.8,30.1,600,63,0.799982853,50,59
2015-02-19,6,0.8,2.9,4320,0,0.785864198,50,18
2015-02-19,6,0.75,18.79,3960,56,0.75065101,50,33
2015-02-19,10,0.8,3.94,2400,0,0.733277778,50,10
2015-02-19,2,0.8,5.13,3600,0,0.710125,50,15
2015-02-19,3,0.7,30.1,6960,50,0.700603448,50,58
2015-02-19,11,0.7,11.41,3480,30,0.700540441,50,58
2015-02-19,8,0.7,29.4,6240,0,0.7,50,57
2015-02-19,4,0.75,5.13,1920,0,0.684027778,50,8
2015-02-19,8,0.7,5.13,1920,0,0.672135417,50,8
2015-02-19,9,0.7,18.79,6120,30,0.638614379,50,51
2015-02-19,5,0.75,5.13,1920,0,0.631354167,50,8
2015-02-19,7,0.75,30.1,0,0,0.611140537,50,59
2015-02-19,12,0.8,5.13,2160,0,0.609583333,50,9
2015-02-19,2,0.65,30.33,6840,0,0.585315789,50,57
2015-02-19,10,0.7,19.68,5760,0,0.249416667,50,48
2015-02-22,3,0.5,5.13,1800,0,0.8721,53,15
2015-02-22,6,0.8,2.9,960,0,0.8319375,53,8
2015-02-22,2,0.8,5.13,4800,0,0.8300625,53,20
2015-02-22,11,0.6,2.9,2880,0,0.805555556,53,12
2015-02-22,12,0.8,15.26,4080,63,0.800401961,53,34
2015-02-22,4,0.8,30.1,5820,63,0.80000295,53,59
2015-02-22,12,0.8,5.13,2400,0,0.78375,53,10
2015-02-22,9,0.8,3.94,2400,0,0.753525,53,10
2015-02-22,6,0.75,18.79,3960,45,0.75065101,53,33
2015-02-22,1,0.8,3.94,2880,0,0.727349537,53,12
2015-02-22,8,0.7,29.4,6840,40,0.700614035,53,57
2015-02-22,2,0.7,30.33,6840,0,0.700605263,53,57
2015-02-22,11,0.75,11.41,3480,0,0.672140805,53,58
2015-02-22,9,0.7,18.79,3240,30,0.627011183,53,57
2015-02-22,3,0.7,30.1,8160,33,0.626577778,53,58
2015-02-22,10,0.7,21.25,6000,0,0.456875,53,50
2015-02-22,7,0.75,30.1,6960,0,0.393548851,53,58
2015-02-22,10,0.8,3.94,960,0,0.385791667,53,8
2015-02-22,5,0.8,30.1,5700,0,0.307501459,53,60
2015-02-22,7,0.7,5.13,960,0,0.283958333,53,8
2015-02-23,10,0.8,3.94,2400,0,0.955791667,54,20
2015-02-23,8,0.7,5.13,960,0,0.930416667,54,8
2015-02-23,12,0.8,5.13,1080,0,0.9025,54,9
2015-02-23,3,0.8,5.13,2160,0,0.87115,54,18
2015-02-23,12,0.8,15.26,4080,63,0.800401961,54,34
2015-02-23,4,0.8,30.1,7140,38,0.800137255,54,59
2015-02-23,5,0.8,30.1,7140,38,0.800137255,54,59
2015-02-23,7,0.75,30.1,6960,45,0.750770115,54,58
2015-02-23,6,0.75,18.79,3960,45,0.75065101,54,33
2015-02-23,11,0.75,11.41,2820,0,0.750293939,54,58
2015-02-23,2,0.7,30.33,2160,30,0.700623,54,58
2015-02-23,8,0.7,29.4,6840,40,0.700614035,54,57
2015-02-23,3,0.7,29.4,6960,30,0.700362069,54,58
2015-02-23,9,0.7,18.79,6000,40,0.60128,54,50
2015-02-23,10,0.7,21.25,6000,0,0.417916667,54,50
2015-02-23,6,0.8,2.9,960,0,0.3715625,54,8
2015-02-23,9,0.8,2.9,960,0,0.3715625,54,8
2015-02-23,2,0.8,5.13,960,0,0.36871875,54,8
2015-02-23,7,0.7,5.13,960,0,0.356458333,54,8
2015-02-24,10,0.7,2.9,1800,0,0.902222222,55,15
2015-02-24,3,0.8,4.6,1440,0,0.811388889,55,12
2015-02-24,12,0.8,15.26,4080,50,0.800401961,55,34
2015-02-24,5,0.8,30.1,7140,50,0.800137255,55,60
2015-02-24,4,0.8,30.1,6480,50,0.800071839,55,59
2015-02-24,8,0.7,4.6,960,0,0.791458333,55,8
2015-02-24,7,0.75,30.1,5640,45,0.750727326,55,59
2015-02-24,6,0.75,18.79,3360,45,0.75065101,55,33
2015-02-24,11,0.75,11.61,3360,34,0.750437269,55,57
2015-02-24,3,0.75,29.4,5340,45,0.750176991,55,60
2015-02-24,6,0.75,2.9,1800,0,0.726933333,55,15
2015-02-24,9,0.7,2.9,1800,0,0.726933333,55,15
2015-02-24,2,0.7,30.33,1680,30,0.700623,55,59
2015-02-24,8,0.7,29.4,4560,40,0.700518519,55,58
2015-02-24,9,0.7,18.79,3000,30,0.700256795,55,52
2015-02-24,11,0.7,2.9,960,0,0.5046875,55,8
2015-02-24,10,0.7,21.25,6360,0,0.471108491,55,53
2015-02-24,2,0.7,3.9,960,0,0.325,55,8
2015-02-24,1,0.6,22.53,5040,0,0.268214286,55,42
2015-02-25,9,0.75,18.79,6240,56,0.970816667,56,52
2015-02-25,5,0.8,4.6,1080,0,0.902962963,56,9
2015-02-25,3,0.8,4.6,2400,0,0.900833333,56,20
2015-02-25,12,0.8,4.6,1800,0,0.899555556,56,15
2015-02-25,10,0.7,2.9,1200,0,0.845833333,56,10
2015-02-25,4,0.8,30.1,4080,50,0.800808642,56,59
2015-02-25,12,0.8,15.26,4080,50,0.800401961,56,34
2015-02-25,7,0.8,30.1,7080,50,0.800115819,56,59
2015-02-25,6,0.75,18.79,3960,45,0.75065101,56,33
2015-02-25,11,0.75,11.61,3360,45,0.750503571,56,57
2015-02-25,3,0.75,29.4,6960,45,0.750206897,56,58
2015-02-25,8,0.7,29.4,6960,30,0.700362069,56,58
2015-02-25,2,0.7,30.33,3960,30,0.700069811,56,58
2015-02-25,10,0.7,21.82,6240,0,0.700058333,56,52
2015-02-25,7,0.75,4.6,960,0,0.676666667,56,8
2015-02-25,8,0.7,4.6,960,0,0.658541667,56,8
2015-02-25,5,0.8,30.1,1200,49,0.598792339,56,59
2015-02-25,1,0.65,22.53,5040,0,0.581130952,56,42
2015-02-25,2,0.7,3.9,960,0,0.440375,56,8
2015-02-25,6,0.75,2.9,960,0,0.410833333,56,8
2015-02-25,9,0.7,2.9,960,0,0.410833333,56,8
2015-02-26,3,0.8,4.6,6300,0,0.921703704,57,15
2015-02-26,5,0.8,4.6,7560,0,0.921604938,57,18
2015-02-26,7,0.8,30.1,4080,50,0.800808642,57,59
2015-02-26,11,0.8,11.61,2820,50,0.800516667,57,57
2015-02-26,12,0.8,15.26,4080,63,0.800401961,57,34
2015-02-26,1,0.5,3.94,3360,0,0.768847222,57,8
2015-02-26,6,0.75,18.79,3960,45,0.75065101,57,33
2015-02-26,3,0.75,29.4,6840,45,0.750473684,57,57
2015-02-26,9,0.75,18.79,5640,45,0.750371895,57,52
2015-02-26,8,0.75,29.4,6960,56,0.750206897,57,58
2015-02-26,10,0.7,21.82,3240,0,0.700251773,57,52
2015-02-26,2,0.7,30.33,6960,0,0.66237931,57,58
2015-02-26,12,0.8,4.6,3780,0,0.590617284,57,9
2015-02-26,2,0.7,3.9,960,0,0.5565625,57,8
2015-02-26,4,0.8,30.1,7080,32,0.495617514,57,59
2015-02-26,5,0.35,27.48,6840,38,0.449964912,57,57
2015-02-26,10,0.7,2.9,3360,0,0.410833333,57,8
2015-02-26,9,0.75,2.9,960,0,0.4078125,57,8
2015-02-26,1,0.35,26.66,6600,23,0.378895152,57,55
2015-02-26,8,0.75,4.6,3360,0,0.376597222,57,8
2015-02-26,6,0.75,2.9,3360,0,0.271875,57,8
2015-02-28,3,0.8,4.6,6300,0,0.921703704,59,15
2015-02-28,5,0.8,4.6,7560,0,0.921604938,59,18
2015-02-28,11,0.8,11.61,0,50,0.800779018,59,58
2015-02-28,12,0.8,15.26,1700,62,0.800260821,59,34
2015-02-28,7,0.8,30.1,840,38,0.799982853,59,59
2015-02-28,1,0.5,3.94,3360,0,0.768847222,59,8
2015-02-28,3,0.75,29.4,4440,45,0.750716981,59,57
2015-02-28,6,0.75,18.79,3960,45,0.75065101,59,33
2015-02-28,8,0.75,29.4,4560,56,0.750425926,59,58
2015-02-28,9,0.75,18.79,6240,45,0.750395513,59,52
2015-02-28,10,0.7,21.82,6120,40,0.700236601,59,51
2015-02-28,2,0.7,30.33,4560,0,0.700211111,59,58
2015-02-28,12,0.8,4.6,3780,0,0.590617284,59,9
2015-02-28,2,0.7,3.9,960,0,0.5565625,59,8
2015-02-28,5,0.5,27.48,6840,30,0.550403509,59,57
2015-02-28,1,0.5,26.66,6840,30,0.550349708,59,57
2015-02-28,4,0.5,26.66,6960,23,0.500258046,59,58
2015-02-28,10,0.7,2.9,3360,0,0.410833333,59,8
2015-02-28,9,0.75,2.9,960,0,0.4078125,59,8
2015-02-28,8,0.75,4.6,3360,0,0.376597222,59,8
2015-02-28,6,0.75,2.9,3360,0,0.271875,59,8
2015-03-01,3,0.8,4.6,10500,0,0.936355556,60,25
2015-03-01,8,0.75,4.6,3360,0,0.813611111,60,8
2015-03-01,12,0.8,15.26,4080,63,0.800401961,60,34
2015-03-01,8,0.75,29.4,6240,56,0.75075,60,57
2015-03-01,6,0.75,18.79,3960,45,0.75065101,60,33
2015-03-01,3,0.75,29.4,6840,45,0.750473684,60,57
2015-03-01,9,0.75,18.79,6240,34,0.750395513,60,52
2015-03-01,5,0.6,27.48,6720,38,0.707446429,60,56
2015-03-01,10,0.7,21.82,5640,30,0.700236601,60,52
2015-03-01,1,0.6,26.66,6840,38,0.700019883,60,57
2015-03-01,2,0.7,30.33,1800,0,0.683550607,60,58
2015-03-01,11,0.8,11.61,0,50,0.682433036,60,57
2015-03-01,4,0.6,3.94,960,0,0.673083333,60,8
2015-03-01,10,0.7,2.9,3360,0,0.664583333,60,8
2015-03-01,4,0.6,26.66,6840,23,0.600239766,60,57
2015-03-01,2,0.7,3.9,960,0,0.585,60,8
2015-03-01,7,0.8,30.1,6960,0,0.579511494,60,58
2015-03-01,1,0.6,3.94,3360,0,0.448722222,60,8
2015-03-01,9,0.75,2.9,960,0,0.447083333,60,8
2015-03-01,7,0.8,4.6,3360,0,0.350416667,60,8
2015-03-02,2,0.7,3.9,1200,0,0.92885,61,10
2015-03-02,3,0.8,4.6,10080,0,0.86037037,61,24
2015-03-02,4,0.65,3.94,960,0,0.806879167,61,8
2015-03-02,1,0.65,26.66,6840,65,0.800579532,61,57
2015-03-02,12,0.8,15.26,4080,63,0.800401961,61,34
2015-03-02,9,0.75,2.9,1200,0,0.8004,61,10
2015-03-02,11,0.8,11.61,0,50,0.800309211,61,57
2015-03-02,3,0.8,29.4,4680,50,0.800149813,61,57
2015-03-02,7,0.8,30.1,7080,0,0.800115819,61,59
2015-03-02,8,0.75,4.6,3360,0,0.773333333,61,8
2015-03-02,6,0.75,18.79,2880,34,0.750797009,61,33
2015-03-02,8,0.75,29.4,6840,45,0.750473684,61,57
2015-03-02,9,0.75,18.79,6240,45,0.750395513,61,52
2015-03-02,4,0.65,26.66,6780,55,0.750254867,61,57
2015-03-02,5,0.65,27.48,6720,34,0.700903571,61,56
2015-03-02,10,0.7,21.82,3600,30,0.70013604,61,51
2015-03-02,10,0.7,2.9,3360,0,0.632361111,61,8
2015-03-02,12,0.8,4.6,3780,0,0.607654321,61,9
2015-03-02,1,0.65,3.94,3360,0,0.537919444,61,8
2015-03-02,7,0.8,4.6,3360,0,0.342361111,61,8
2015-03-03,7,0.8,4.6,4200,0,0.999533333,62,10
2015-03-03,3,0.8,4.6,6300,0,0.902962963,62,15
2015-03-03,11,0.8,11.41,0,50,0.800701754,62,56
2015-03-03,1,0.7,26.66,6960,60,0.800566092,62,58
2015-03-03,12,0.8,15.26,4080,50,0.800401961,62,34
2015-03-03,3,0.8,29.4,6840,50,0.800333333,62,57
2015-03-03,7,0.8,30.1,7080,50,0.800115819,62,59
2015-03-03,4,0.7,26.66,6960,50,0.750770115,62,58
2015-03-03,8,0.75,29.4,6840,56,0.750473684,62,57
2015-03-03,9,0.75,18.79,6240,34,0.750395513,62,52
2015-03-03,6,0.75,20.2,3120,45,0.750212553,62,33
2015-03-03,8,0.75,4.6,3360,0,0.702777778,62,8
2015-03-03,5,0.7,27.48,6840,30,0.700659649,62,57
2015-03-03,10,0.7,21.82,5040,30,0.699984417,62,51
2015-03-03,12,0.8,4.6,3780,0,0.636049383,62,9
2015-03-03,2,0.4,3.9,6300,0,0.567377778,62,15
2015-03-03,1,0.7,3.94,3360,0,0.555430556,62,8
2015-03-03,4,0.7,3.94,3360,0,0.555430556,62,8
2015-03-03,10,0.7,2.9,3360,0,0.463194444,62,8
2015-03-03,5,0.7,4.6,3360,0,0.354444444,62,8
2015-03-03,6,0.75,2.9,3360,0,0.309333333,62,8
2015-03-03,2,0.4,15.28,5400,0,0.30277037,62,45
2015-03-04,3,0.8,4.6,1200,0,0.939166667,63,10
2015-03-04,8,0.8,4.6,960,0,0.930416667,63,8
2015-03-04,12,0.8,4.6,1080,0,0.885925926,63,9
2015-03-04,9,0.75,2.9,960,0,0.83375,63,8
2015-03-04,1,0.7,3.94,960,0,0.806879167,63,8
2015-03-04,4,0.7,3.94,960,0,0.806058333,63,8
2015-03-04,11,0.8,11.41,0,38,0.800701754,63,56
2015-03-04,12,0.8,15.26,4080,50,0.800401961,63,34
2015-03-04,3,0.8,29.4,6840,63,0.800333333,63,57
2015-03-04,7,0.8,30.1,3960,50,0.800055762,63,59
2015-03-04,4,0.7,26.82,6960,60,0.799975862,63,58
2015-03-04,1,0.7,26.82,6960,50,0.750651724,63,58
2015-03-04,9,0.75,18.79,6240,34,0.750395513,63,52
2015-03-04,5,0.7,27.48,6960,40,0.700424138,63,58
2015-03-04,10,0.7,21.82,5760,30,0.700058333,63,53
2015-03-04,7,0.8,4.6,8400,0,0.684888889,63,20
2015-03-04,5,0.7,4.6,960,0,0.592083333,63,8
2015-03-04,2,0.5,3.9,960,0,0.5403125,63,8
2015-03-04,8,0.8,29.4,6840,0,0.433263158,63,57
2015-03-04,2,0.5,15.28,5520,0,0.404144928,63,46
2015-03-04,6,0.75,18.79,3960,0,0.332146465,63,33
2015-03-05,8,0.8,4.6,2640,0,0.980984848,64,22
2015-03-05,2,0.6,3.9,960,0,0.950625,64,8
2015-03-05,11,0.8,2.9,1200,0,0.927291667,64,10
2015-03-05,12,0.8,4.6,1080,0,0.868888889,64,9
2015-03-05,1,0.7,3.94,960,0,0.812625,64,8
2015-03-05,4,0.7,3.94,960,0,0.812625,64,8
2015-03-05,3,0.8,4.6,1800,0,0.810111111,64,15
2015-03-05,11,0.8,11.41,3420,50,0.800701754,64,56
2015-03-05,3,0.8,29.4,1800,63,0.800534979,64,57
2015-03-05,12,0.8,15.26,4080,50,0.800401961,64,34
2015-03-05,1,0.7,26.82,6960,50,0.750651724,64,58
2015-03-05,9,0.75,18.79,6240,45,0.750395513,64,52
2015-03-05,4,0.7,26.82,7080,50,0.750050847,64,59
2015-03-05,5,0.7,27.48,6960,40,0.700424138,64,58
2015-03-05,10,0.7,21.82,6000,30,0.700422,64,50
2015-03-05,2,0.6,15.28,1320,0,0.600099145,64,46
2015-03-05,9,0.75,2.9,960,0,0.453125,64,8
2015-03-05,7,0.8,30.1,1200,0,0.366053523,64,59
2015-03-05,6,0.35,22.53,2640,0,0.26369382,64,39
2015-03-07,12,0.8,4.6,1080,0,0.868888889,66,9
2015-03-07,12,0.8,15.26,4080,75,0.850520588,66,34
2015-03-07,1,0.7,26.82,8160,70,0.850045,66,58
2015-03-07,7,0.8,4.6,6000,0,0.825444444,66,25
2015-03-07,5,0.35,3.94,2400,0,0.80575,66,10
2015-03-07,4,0.7,26.82,6960,60,0.800746552,66,58
2015-03-07,3,0.8,29.4,6840,63,0.800578947,66,57
2015-03-07,11,0.8,11.41,3420,50,0.800034503,66,58
2015-03-07,6,0.5,2.9,960,0,0.7975,66,8
2015-03-07,9,0.75,18.79,3480,45,0.749987124,66,51
2015-03-07,10,0.7,21.82,6000,30,0.700422,66,50
2015-03-07,1,0.7,3.94,960,0,0.664875,66,8
2015-03-07,4,0.7,3.94,960,0,0.664875,66,8
2015-03-07,11,0.8,2.9,960,0,0.657083333,66,8
2015-03-07,2,0.65,16.1,4200,0,0.65024031,66,45
2015-03-07,8,0.8,4.6,3600,0,0.590740741,66,15
2015-03-07,2,0.65,3.9,1920,0,0.528125,66,8
2015-03-07,6,0.5,23.41,2280,0,0.500528095,66,39
2015-03-07,5,0.7,27.48,6960,24,0.408960345,66,58
2015-03-08,3,0.8,4.6,1440,0,0.951944444,67,12
2015-03-08,12,0.8,4.6,1080,0,0.945555556,67,9
2015-03-08,9,0.75,2.9,1080,0,0.929074074,67,9
2015-03-08,1,0.75,3.94,960,0,0.890604167,67,8
2015-03-08,4,0.75,3.94,960,0,0.890604167,67,8
2015-03-08,2,0.7,3.9,1200,0,0.884,67,10
2015-03-08,5,0.5,3.94,960,0,0.857916667,67,8
2015-03-08,4,0.75,26.82,6840,65,0.850084211,67,57
2015-03-08,1,0.75,26.82,6960,65,0.85007069,67,58
2015-03-08,3,0.8,30.1,3360,50,0.800511068,67,57
2015-03-08,12,0.8,15.26,4080,63,0.800401961,67,34
2015-03-08,11,0.8,11.41,3420,50,0.800034503,67,58
2015-03-08,11,0.8,2.9,960,0,0.755208333,67,8
2015-03-08,9,0.75,18.79,5640,45,0.750371895,67,52
2015-03-08,10,0.7,21.82,6000,30,0.700422,67,50
2015-03-08,2,0.7,16.1,4800,30,0.700106061,67,45
2015-03-08,6,0.6,23.41,2520,23,0.601037091,67,38
2015-03-08,8,0.6,30.48,6720,0,0.600528571,67,56
2015-03-08,5,0.5,26.82,7080,23,0.500033898,67,59
2015-03-08,8,0.6,3.9,960,0,0.4509375,67,8
2015-03-08,10,0.7,2.9,960,0,0.441041667,67,8
2015-03-08,6,0.6,2.9,960,0,0.271875,67,8
2015-03-09,11,0.8,2.9,0,960,0.960625,68,8
2015-03-09,12,0.8,4.6,0,1080,0.902962963,68,9
2015-03-09,5,0.6,3.94,0,2880,0.864342593,68,12
2015-03-09,4,0.75,26.82,7020,65,0.850446154,68,58
2015-03-09,1,0.75,26.82,7140,65,0.850426891,68,59
2015-03-09,9,0.75,2.9,0,3600,0.841,68,15
2015-03-09,3,0.8,30.1,5160,50,0.800842424,68,58
2015-03-09,12,0.8,15.26,4080,63,0.800401961,68,34
2015-03-09,11,0.8,11.41,3420,50,0.800034503,68,58
2015-03-09,3,0.8,4.6,0,1440,0.795416667,68,12
2015-03-09,4,0.75,3.94,0,960,0.7953875,68,8
2015-03-09,1,0.75,3.94,0,960,0.794566667,68,8
2015-03-09,9,0.75,18.79,6240,45,0.750395513,68,52
2015-03-09,2,0.7,16.1,5520,30,0.700516224,68,45
2015-03-09,10,0.7,21.82,6000,30,0.700422,68,50
2015-03-09,2,0.7,3.9,0,1200,0.6825,68,10
2015-03-09,6,0.65,23.41,4560,35,0.650962281,68,38
2015-03-09,8,0.65,30.48,6720,26,0.650421429,68,56
2015-03-09,5,0.6,26.82,7080,23,0.600040678,68,59
2015-03-09,7,0.5,30.48,6600,0,0.500610909,68,55
2015-03-09,10,0.7,2.9,0,960,0.477291667,68,8
2015-03-09,8,0.65,3.9,0,960,0.2640625,68,8
2015-03-10,12,0.8,4.6,1080,0,0.92,69,9
2015-03-10,5,0.6,3.94,1440,0,0.909391667,69,12
2015-03-10,1,0.75,26.82,7080,75,0.900061017,69,59
2015-03-10,3,0.8,4.6,1440,0,0.894444444,69,12
2015-03-10,4,0.75,3.94,960,0,0.881575,69,8
2015-03-10,1,0.75,3.94,960,0,0.880754167,69,8
2015-03-10,4,0.75,26.82,5880,65,0.850084211,69,59
2015-03-10,9,0.75,2.9,1800,0,0.821666667,69,15
2015-03-10,12,0.8,15.26,4080,63,0.800401961,69,34
2015-03-10,3,0.8,30.1,6960,63,0.800071839,69,58
2015-03-10,11,0.8,11.41,3420,50,0.800034503,69,58
2015-03-10,11,0.8,2.9,960,0,0.758229167,69,8
2015-03-10,10,0.75,21.82,6000,34,0.750608,69,50
2015-03-10,9,0.75,18.79,6240,45,0.750395513,69,52
2015-03-10,2,0.7,3.9,960,0,0.741,69,8
2015-03-10,8,0.7,30.48,6840,30,0.700505263,69,57
2015-03-10,6,0.7,23.41,4560,30,0.700246491,69,38
2015-03-10,2,0.7,16.1,5400,40,0.700051852,69,45
2015-03-10,5,0.65,26.82,7080,26,0.650044068,69,59
2015-03-10,7,0.6,30.48,6840,25,0.630402924,69,57
2015-03-10,8,0.65,3.9,960,0,0.560625,69,8
2015-03-10,7,0.5,3.9,960,0,0.560625,69,8
2015-03-10,10,0.7,2.9,960,0,0.39875,69,8
2015-03-11,12,0.8,4.6,2160,0,0.922839506,70,9
2015-03-11,11,0.8,2.9,2400,0,0.874027778,70,10
2015-03-11,2,0.75,3.9,1920,0,0.819270833,70,8
2015-03-11,4,0.75,3.94,1920,0,0.813309028,70,8
2015-03-11,1,0.75,3.94,1920,0,0.812625,70,8
2015-03-11,12,0.8,15.26,4080,63,0.800401961,70,34
2015-03-11,3,0.8,30.1,6960,63,0.800071839,70,58
2015-03-11,11,0.8,11.41,3420,50,0.800034503,70,58
2015-03-11,3,0.8,4.6,1920,0,0.786631944,70,8
2015-03-11,5,0.7,3.94,1440,0,0.75885,70,12
2015-03-11,10,0.75,21.82,6000,34,0.750608,70,50
2015-03-11,9,0.75,18.79,5040,45,0.750347333,70,52
2015-03-11,2,0.75,16.1,5400,45,0.750140741,70,45
2015-03-11,1,0.75,26.82,7080,45,0.750050847,70,59
2015-03-11,4,0.75,26.82,7080,45,0.750050847,70,59
2015-03-11,5,0.7,26.82,6960,30,0.700556897,70,58
2015-03-11,8,0.7,30.48,6840,30,0.700505263,70,57
2015-03-11,6,0.7,23.41,4560,40,0.700246491,70,38
2015-03-11,7,0.65,30.48,6840,26,0.650596491,70,57
2015-03-11,10,0.75,2.9,960,0,0.628333333,70,8
2015-03-11,8,0.7,3.9,960,0,0.625625,70,8
2015-03-11,7,0.65,3.9,960,0,0.625625,70,8
2015-03-11,9,0.75,2.9,1800,0,0.505888889,70,15
2015-03-11,6,0.7,2.9,720,0,0.394722222,70,6
